{
   "type" : "entity",
   "components" : {
      "render_info" : {
         "scale" : 0.2
      },
      "unit_info" : {
         "name": "Wild Jill's Pulpet", 
         "description": "A harvestable wild flower",
         "portrait": "file(jills_pulpet.png)"
      },      
      "model_variants": {
         "default": {
		      "models": [
			      "file(jills_pulpet.qb)"
		      ]
   	   }
      },
      "stonehearth:resource_node": {
         "task_group_name" : "stonehearth:task_group:harvest",
         "harvest_overlay_effect" : "/stonehearth/data/effects/harvest_plant_overlay_effect",
         "description" : "harvest_plant",
         "resource": "colors-wildflowers:jills_pulpet"
      },

      "mob" : {
         "model_origin" : { "x": 0, "y": 0, "z": 0 }
      },
      "destination" : {
         "region" : [
            {
               "min" : { "x" : 0, "y" : 0, "z" : 0 },
               "max" : { "x" :  1, "y" : 1, "z" :  1 }
            }
         ]
      }
	}
}
