{
   "type": "entity",
   "components": {
      "unit_info": {
         "name": "Jill's Pulpet Flower",
         "description": "Nobody know what happened to Jack...",
         "icon" : "file(jills_pulpet.png)"
      },
      "render_info" : {
         "scale" : 0.2
      },
      "model_variants": {
         "default": {
            "models": [
               "file(jills_pulpet.qb)"
            ]
         }
      },
      "mob" : {
         "model_origin" : { "x": 0, "y": 0, "z": 0 }
      }
   }
}
 