{
   "type" : "entity",
   "mixins" : "file(jills_pulpet_ghost.json)",

   "components" : {
      "stonehearth:entity_forms" : {
         "iconic_form" : "file(jills_pulpet_iconic.json)",
         "ghost_form" : "file(jills_pulpet_ghost.json)",
         "placeable_on_ground" : true
      },      
      "stonehearth:material" : {
         "tags" :  "plant green colorsource jills_pulpet"
      },     
      "mob" : {
         "model_origin" : { "x": 0, "y": 0, "z": 0 }
      }
	}
}
