{
   "type": "entity",
   "components": {
      "unit_info": {
         "name": "Numnums Flower",
         "description": "Might be edible, but better not risk it!!",
         "icon" : "file(numnum.png)"
      },
      "render_info" : {
         "scale" : 0.2
      },
      "model_variants": {
         "default": {
            "models": [
               "file(numnum.qb)"
            ]
         }
      },
      "mob" : {
         "model_origin" : { "x": 0, "y": 0, "z": 0 }
      }
   }
}
 